"fecha";"real";"pred"
2024-01-01;13343,8;14016,170728996
2024-01-02;16869,5;15251,799109318
2024-01-03;17785,1;17058,1992837109
2024-01-04;18320,6;17628,7866131248
2024-01-05;19096,8;18517,5493553479
2024-01-06;17531,1;17407,6137625457
2024-01-07;15792,9;16141,8256243837
2024-01-08;17285,8;16460,5250051982
2024-01-09;18723,5;18239,3970342111
2024-01-10;18507,3;19086,0916131787
2024-01-11;16673,3;17509,1946807159
2024-01-12;16163,8;16045,288049116
2024-01-13;16304,2;15368,5977808291
2024-01-14;16059,7;15519,2179806169
2024-01-15;17993,7;17097,2781259413
2024-01-16;17217,1;17059,0965362078
2024-01-17;17031;16703,5973413065
2024-01-18;18165,5;17413,2285431894
2024-01-19;18413,8;18008,1221797674
2024-01-20;16295,6;15340,6155295601
2024-01-21;14509,8;14528,1275990758
2024-01-22;16771,1;15599,550879304
2024-01-23;17624,1;16731,7866662839
2024-01-24;17658,4;17372,9230351159
2024-01-25;18739,6;17731,6114885797
2024-01-26;18891,7;18167,7758125482
2024-01-27;17567,7;16581,4200186464
2024-01-28;16701,2;15909,5376155595
2024-01-29;19834,9;17739,5738830419
2024-01-30;21241;20227,8820108155
2024-01-31;22311,9;21409,7498505481
2024-02-01;23128,3;22865,192166893
2024-02-02;23103,8;22749,2778625983
2024-02-03;21015,8;21714,9155149595
2024-02-04;16725,9;16801,4753616387
2024-02-05;20026;17537,9029387169
2024-02-06;21703,5;20623,8863420779
2024-02-07;22526,7;21364,7210376556
2024-02-08;21848;21673,9706948928
2024-02-09;19105,6;19876,8585463589
2024-02-10;17939,3;17669,7291754947
2024-02-11;18097,3;17077,8738531985
2024-02-12;16034,2;15931,0663393461
2024-02-13;12932,1;13725,3366597529
2024-02-14;14648,1;13995,0167009005
2024-02-15;16067,1;15579,7972891012
2024-02-16;17380,5;16905,029617415
2024-02-17;17024,2;15986,029291279
2024-02-18;16172,8;15884,5920970992
2024-02-19;18803,7;17074,8146879615
2024-02-20;19889,4;18655,2992256403
2024-02-21;20593,7;19491,8184536533
2024-02-22;20453,4;19781,5054954908
2024-02-23;18003,1;19055,9153111241
2024-02-24;15524,8;15394,6224655945
2024-02-25;14178,6;14136,9743088195
2024-02-26;16510,1;14968,4348444391
2024-02-27;17873,5;16841,4697057666
2024-02-28;19243,2;17783,9680551546
2024-02-29;18911,3;18632,932309138
2024-03-01;18803,7;18164,4895037455
2024-03-02;17810,4;17037,3901173678
2024-03-03;13611,3;14906,1043679226
2024-03-04;15292,6;14491,4331259651
2024-03-05;15537,9;15199,3201688869
2024-03-06;15521,3;15460,3732581809
2024-03-07;16681,2;16191,1342769423
2024-03-08;18225,3;17432,9347983581
2024-03-09;17099,1;16722,3917079431
2024-03-10;15357;15246,9528757154
2024-03-11;17775,1;15733,8105256639
2024-03-12;18176,4;16479,1314663709
2024-03-13;18107,4;16943,1598676546
2024-03-14;17667,9;16837,6206240704
2024-03-15;16830,1;17068,9074358574
2024-03-16;15833,7;15629,2903308632
2024-03-17;14149,8;14386,338742328
2024-03-18;16841,1;15463,4698960168
2024-03-19;17868,9;16737,087839509
2024-03-20;17747,7;16746,0870528969
2024-03-21;14497,5;16272,0889456365
2024-03-22;13928,1;14698,3403652472
2024-03-23;13114,3;12838,1299712396
2024-03-24;13229,6;13303,700355788
2024-03-25;15967,1;14422,3977813683
2024-03-26;16361,9;15732,4376319434
2024-03-27;16373,3;16350,085140369
2024-03-28;16024,4;14701,6759811384
2024-03-29;14807,6;14701,5812604605
2024-03-30;15571,7;14841,0610296051
2024-03-31;13380;13770,0445976881
2024-04-01;12615,5;12377,3301254881
2024-04-02;12494,2;12012,9351774545
2024-04-03;14371;13606,1500554541
2024-04-04;14596,3;14561,2415770308
2024-04-05;14756,5;14839,5383740252
2024-04-06;13541,2;13176,0737783166
2024-04-07;12362,8;12662,5519842866
2024-04-08;14251,7;13857,8642587039
2024-04-09;14839,2;15074,3525208582
2024-04-10;14159,3;14855,4941962104
2024-04-11;14083;14592,9260729382
2024-04-12;14278,9;14432,3568022425
2024-04-13;13381,6;12833,4324891791
2024-04-14;12520,4;12478,3614550507
2024-04-15;14151,5;13955,6848399761
2024-04-16;14152,1;14450,8273251266
2024-04-17;14001,5;14454,7821877655
2024-04-18;13989,3;14381,3077671019
2024-04-19;13945,2;14777,3295219183
2024-04-20;13042,3;13248,7211503242
2024-04-21;12521,9;12416,5408083428
2024-04-22;14372;13623,806836699
2024-04-23;14459,4;14586,4288242153
2024-04-24;14407,9;14776,1419074097
2024-04-25;14632;14671,0597216045
2024-04-26;14852,2;14690,3831984578
2024-04-27;13864,3;13503,2011758113
2024-04-28;12783;12928,6126667729
2024-04-29;14596,6;13925,4291728669
2024-04-30;14848,4;14693,1145530122
2024-05-01;13150,3;13311,5683874028
2024-05-02;14836,6;14626,1403288933
2024-05-03;15445,9;15991,2852593724
2024-05-04;14030,2;13985,9557749533
2024-05-05;12647,1;12713,9739437103
2024-05-06;14543,2;13739,5287371606
2024-05-07;15061,6;14646,4326274577
2024-05-08;15224,6;15056,7533729123
2024-05-09;15145,4;15744,8885722219
2024-05-10;15575,9;15469,5969998861
2024-05-11;14727,3;13763,4679994285
2024-05-12;14752,3;14394,07728253
2024-05-13;17266,4;16556,0881571915
2024-05-14;17921;17852,892640172
2024-05-15;17873,7;17345,1701916657
2024-05-16;17359,4;16876,795738004
2024-05-17;17544,2;17288,6216793004
2024-05-18;16568;16107,4468061479
2024-05-19;15713,1;15795,5019494459
2024-05-20;17475;16419,0927306454
2024-05-21;17515,6;16782,5568961204
2024-05-22;17482,2;16828,5140679548
2024-05-23;17876,9;16678,1235621668
2024-05-24;18429,6;17998,1841628298
2024-05-25;17116,1;17623,0879901489
2024-05-26;17116,9;17085,7482773858
2024-05-27;19150,4;17840,7221667267
2024-05-28;19023,7;17806,2400993448
2024-05-29;18116;17568,4664713928
2024-05-30;17231,5;16631,7349550889
2024-05-31;16969,7;16452,644094038
2024-06-01;14676,9;14204,0836946405
2024-06-02;14616,5;13784,9618271233
2024-06-03;17877,2;16860,4922146147
2024-06-04;18500;17603,4329659869
2024-06-05;17506,8;17160,775635564
2024-06-06;16112,1;16263,7697036691
2024-06-07;15374,6;15457,8117901747
2024-06-08;13748;13445,4132644944
2024-06-09;12462,6;13124,9804922053
2024-06-10;14587,3;13622,7863635274
2024-06-11;15595,9;14867,9714454478
2024-06-12;15288,8;15184,9038508911
2024-06-13;14689,6;15861,5997129088
2024-06-14;14593,4;14765,4570821726
2024-06-15;13797,8;13073,86886329
2024-06-16;12979,6;13092,5894919578
2024-06-17;13839,1;12582,4004565715
2024-06-18;15067,5;14321,3106292744
2024-06-19;15266,2;15042,2839809245
2024-06-20;14670,9;14167,3534118646
2024-06-21;14186;13153,4565981049
2024-06-22;13650;12827,7248587623
2024-06-23;13946;13347,1900131721
2024-06-24;17409,7;16451,8097599032
2024-06-25;18715,9;18686,3268228492
2024-06-26;18590,5;18267,1972216524
2024-06-27;17788,2;17195,6622072098
2024-06-28;17833,2;17683,9572999641
2024-06-29;17699,3;17939,9404503188
2024-06-30;16689,6;16906,8256240976
2024-07-01;17810;16346,8735118524
2024-07-02;17387,3;16799,5865156621
2024-07-03;17764,1;17612,1494407366
2024-07-04;18529,5;18718,0314953292
2024-07-05;19259,2;19918,8582196227
2024-07-06;18434,4;19568,1011968378
2024-07-07;17357;17279,8624477449
2024-07-08;19767,2;19758,8236396628
2024-07-09;19036,7;20184,9121893672
2024-07-10;20795,7;21169,2105253864
2024-07-11;20802,4;21268,4602350708
2024-07-12;20394,9;20358,1345368275
2024-07-13;18664,8;18594,9282566495
2024-07-14;17477,4;17641,2562682982
2024-07-15;19150,4;17348,5024372794
2024-07-16;18379,2;17559,6120227011
2024-07-17;17486,3;17056,0463410389
2024-07-18;16785,6;16339,1097283395
2024-07-19;17313,8;16649,1347316329
2024-07-20;17214,2;16010,4241082327
2024-07-21;15796;14968,221587159
2024-07-22;17256,7;15994,8201616826
2024-07-23;17247,2;16762,6404694648
2024-07-24;16333,1;16197,3993937176
2024-07-25;15949,3;15629,8413766567
2024-07-26;15818,6;15959,0668563692
2024-07-27;14765,2;14003,3185779676
2024-07-28;14595,1;14413,3101700504
2024-07-29;17638,6;17258,018505834
2024-07-30;18490,9;17877,2554795552
2024-07-31;17395,1;17145,1187877631
2024-08-01;15553;16187,221548179
2024-08-02;14528,8;16424,9552341743
2024-08-03;13192,2;13001,8681782782
2024-08-04;13136,8;12890,0800564931
2024-08-05;15640,4;14364,4201833756
2024-08-06;15720,4;15244,4963342501
2024-08-07;16561,1;16079,8322682256
2024-08-08;18191,4;18230,6993722067
2024-08-09;18492,6;18910,6054894913
2024-08-10;16474,6;16097,3741300732
2024-08-11;14776,9;14657,1965819204
2024-08-12;17323,9;16761,8421668925
2024-08-13;17182,8;16499,5337723199
2024-08-14;16461,7;16339,5012086371
2024-08-15;15764,1;15833,352567557
2024-08-16;16564,7;16329,4776385129
2024-08-17;14781,5;14702,9190928857
2024-08-18;14152,6;13733,7137910946
2024-08-19;16842,1;15270,0362669073
2024-08-20;18255,7;17966,9735924471
2024-08-21;18153,6;17409,7155264783
2024-08-22;18644,3;18282,1256327347
2024-08-23;18405,9;18702,4487731879
2024-08-24;16837,8;16965,7242800338
2024-08-25;15773,3;16351,9586837749
2024-08-26;17427,4;17493,7518863836
2024-08-27;16907,1;16862,7303830373
2024-08-28;16310;16653,7734755582
2024-08-29;15924,5;15934,6750970134
2024-08-30;16982;16316,6109142336
2024-08-31;16187;15538,2564775752
2024-09-01;14670,3;14620,4324470432
2024-09-02;15772,4;15322,1513543349
2024-09-03;15380,7;15341,0626090197
2024-09-04;15262,5;15380,1198377553
2024-09-05;15479,3;16190,4294294136
2024-09-06;15102,6;15148,1994103094
2024-09-07;13273,2;13280,502772749
2024-09-08;12307,4;12479,4649855348
2024-09-09;14395,8;13641,6324546708
2024-09-10;14907,2;14651,0962894796
2024-09-11;14938,6;15051,7769691964
2024-09-12;14899,9;15331,5366593882
2024-09-13;14777,1;15062,9910497152
2024-09-14;13478,9;13349,9790410337
2024-09-15;12366,2;12644,977381078
2024-09-16;13864,2;13625,8854000208
2024-09-17;14119,5;14326,1870031982
2024-09-18;14366,9;14610,5700111857
2024-09-19;14639,1;14723,1261208015
2024-09-20;14329,9;14695,0984299169
2024-09-21;13247;12954,6111630305
2024-09-22;12680,8;12373,6268089243
2024-09-23;14562,8;13772,186749969
2024-09-24;14597,7;14675,8380537539
2024-09-25;14515,3;14689,3082318403
2024-09-26;14214,6;14716,2246054794
2024-09-27;14032,6;14779,7539585128
2024-09-28;12889,3;12798,8849932551
2024-09-29;12330,5;12451,9168483985
2024-09-30;15147,8;14720,4729595871
2024-10-01;15214,6;14977,5678586379
2024-10-02;14343,6;15025,266560881
2024-10-03;14099,8;14987,1386621087
2024-10-04;14047;14423,566969322
2024-10-05;13133,3;12842,7404471057
2024-10-06;12504,5;12262,3551199694
2024-10-07;14162,7;13620,1439001364
2024-10-08;14025;14464,9037847436
2024-10-09;13896,2;14407,6495796223
2024-10-10;13711,3;14342,4258528196
2024-10-11;12563,5;12995,2934504622
2024-10-12;12004,4;11969,6764205929
2024-10-13;11991,6;11678,288470169
2024-10-14;14100,6;13357,0679677981
2024-10-15;14492,8;14650,2680068617
2024-10-16;14621,3;14683,8065065984
2024-10-17;14747,9;15058,9606829116
2024-10-18;14414,6;14978,7494868602
2024-10-19;13708,3;13384,237741152
2024-10-20;13184;13526,2437727042
2024-10-21;16967,8;16251,3291143111
2024-10-22;17120,2;16742,3970391952
2024-10-23;15792,8;16078,6824821047
2024-10-24;14759,2;15459,3436784234
2024-10-25;14333,6;14788,2283022957
2024-10-26;12866,4;12887,4753684675
2024-10-27;11989,1;12292,6781247447
2024-10-28;14931,7;14158,8407747386
2024-10-29;16600,8;16144,9855677
2024-10-30;17382,8;16956,6760664661
2024-10-31;17243,5;17027,0310990381
2024-11-01;17501,5;17559,537339902
2024-11-02;14744,2;15114,7109378234
2024-11-03;12912,3;13068,6384761941
2024-11-04;15245,2;13903,0115180916
2024-11-05;14778,7;15020,0681914671
2024-11-06;15303,5;15101,6909056037
2024-11-07;15170,9;15253,2911869586
2024-11-08;15033,8;14986,8600458805
2024-11-09;14474,8;13913,6623949324
2024-11-10;14032,3;14092,7778157948
2024-11-11;14452,9;14431,9009616673
2024-11-12;14345,1;14599,7357173567
2024-11-13;15225,8;14649,2917524177
2024-11-14;16495,1;15917,3811584621
2024-11-15;17658,9;17358,8848472132
2024-11-16;17129,5;17132,1846803989
2024-11-17;13517,7;14469,5239907117
2024-11-18;12642,7;12443,1666526236
2024-11-19;14035,6;13701,5805444085
2024-11-20;14825,1;14852,4129908332
2024-11-21;15235,5;15253,055858837
2024-11-22;16119,8;15515,9405825799
2024-11-23;15586,1;14504,4578346412
2024-11-24;15902,9;15195,2222319229
2024-11-25;17679,1;16550,4503613871
2024-11-26;17233,7;17018,5167879113
2024-11-27;16823,2;16496,818330942
2024-11-28;16323,6;16277,7013864316
2024-11-29;16014,3;16174,0755321678
2024-11-30;14556,5;13946,9399462947
2024-12-01;13401,2;13095,7082108558
2024-12-02;14152,5;14068,2501772326
2024-12-03;14328,4;14469,9277280438
2024-12-04;15141,7;14979,9992802443
2024-12-05;16961;16435,4223849251
2024-12-06;16978,7;16522,4153029831
2024-12-07;13639;14199,8604061248
2024-12-08;11832,4;12543,7175180989
2024-12-09;14149,1;13337,7568473935
2024-12-10;15919,1;14931,4947202459
2024-12-11;17260,1;16299,4272951132
2024-12-12;18534,4;17914,5760907834
2024-12-13;17008,5;17752,3370184839
2024-12-14;15583,2;14968,9136508836
2024-12-15;14285,6;14068,0522197783
2024-12-16;16463,7;14701,5370539007
2024-12-17;17286,6;16388,0297787967
2024-12-18;17047,8;17135,3867969312
2024-12-19;16991,1;16657,3731582095
2024-12-20;17341,5;17693,356888676
2024-12-21;14716,7;14563,6304978971
2024-12-22;13647,4;13406,5690718388
2024-12-23;16493,6;15457,9317392179
2024-12-24;14253,2;16058,2466331661
2024-12-25;11595,6;12816,7906360356
2024-12-26;14643;13409,9053033405
2024-12-27;15893;15215,2681325581
2024-12-28;15460,1;14112,9880340006
2024-12-29;14685,3;14210,4653749283
2024-12-30;16794,7;15831,705326556
2024-12-31;16634;17531,4315292377
2025-01-01;14962,9;16226,6432814379
2025-01-02;17401,4;16601,8588812208
2025-01-03;16832;16637,754967179
2025-01-04;15948;14261,7343420465
2025-01-05;15071,7;14031,4095574285
2025-01-06;17032,6;15709,1915678845
2025-01-07;17838,8;17158,3221850806
2025-01-08;18547,4;17940,0321862663
2025-01-09;18397,3;18483,1231907334
2025-01-10;18348,9;18556,4718480343
2025-01-11;16985,4;16400,0267310205
2025-01-12;16171,9;15670,1121870236
2025-01-13;18936,4;17470,9731610224
2025-01-14;19990,7;19194,1307095663
2025-01-15;20892,8;20550,5120488605
2025-01-16;21625;20430,2611868735
2025-01-17;20824,8;20678,6456634959
2025-01-18;17896,2;17733,887721001
2025-01-19;14843,4;15474,4929839034
2025-01-20;16276,6;15316,9639283123
2025-01-21;17884,2;16590,4426077678
2025-01-22;20100;19453,9906356489
2025-01-23;21199;20773,8164313951
2025-01-24;20301,1;20248,3853724378
2025-01-25;17917,6;17712,0700393268
2025-01-26;17016,3;16809,2121539959
2025-01-27;19209,5;17483,1995685718
2025-01-28;18950,6;18675,5419715746
2025-01-29;19168,9;18504,2307178009
2025-01-30;20102,5;18756,884474541
2025-01-31;20222,9;19148,8537899891
2025-02-01;19043,2;17881,601961127
2025-02-02;18753,1;18013,0659917295
2025-02-03;22246,6;19487,712430492
2025-02-04;21090,3;20718,460990996
2025-02-05;19326,5;20093,6536694264
2025-02-06;19311,7;18871,5167887298
2025-02-07;20497,8;19944,7258057697
2025-02-08;20254,7;19977,5462434401
2025-02-09;18507,6;20032,5221519584
2025-02-10;22879,7;21174,1903959474
2025-02-11;20243,9;21970,729120319
2025-02-12;18229,8;18707,9872523104
2025-02-13;17989,8;17451,8230062218
2025-02-14;18455,9;18682,2383509058
2025-02-15;16785,6;16726,8958658683
2025-02-16;16196,9;15645,1808665536
2025-02-17;17794,6;16781,1090866399
2025-02-18;15460,1;16588,4511969958
2025-02-19;16888,4;15982,1348767753
2025-02-20;19396,9;17437,9559626208
2025-02-21;22168,6;19944,0701547468
2025-02-22;20625,4;20763,4038040753
2025-02-23;19729,7;20125,7381844388
2025-02-24;20500,5;21554,8184952535
2025-02-25;19297,2;19602,0463493674
2025-02-26;18814,1;19191,2982428466
2025-02-27;18313,9;18103,3374847252
2025-02-28;19033,1;17779,6774285609
2025-03-01;17011,7;16544,3099405704
2025-03-02;15279,4;14735,3095448329
2025-03-03;15656,2;13987,0750708301
2025-03-04;16842,3;14609,7653032994
2025-03-05;21190,7;19149,0485903179
2025-03-06;22740,7;22011,1567686959
2025-03-07;22677,7;22674,184671823
2025-03-08;15140,1;18077,8918287819
2025-03-09;12178,4;13267,3190204555
2025-03-10;14015,8;13491,1133581306
2025-03-11;14821;14400,6883209519
2025-03-12;14387,5;14797,2651995267
2025-03-13;13986,9;14568,71832753
2025-03-14;14009,7;14367,2987423864
2025-03-15;13190,3;12760,6696403701
2025-03-16;12608,6;12939,5550306738
2025-03-17;15226,4;14574,3176055269
2025-03-18;16617,2;16403,4007182731
2025-03-19;17606,4;17441,3566602438
2025-03-20;18013,6;17943,3400991664
2025-03-21;18003,1;18539,9173874069
2025-03-22;15661,7;16093,7135899043
2025-03-23;13166,8;13841,2086231072
2025-03-24;13102;12629,3973663061
2025-03-25;14353,5;14074,9216104881
2025-03-26;15004,7;14932,651324261
2025-03-27;15847,1;16094,6461510755
2025-03-28;15234,4;16173,6820776096
2025-03-29;14110,6;13528,9527538161
2025-03-30;13964,8;13874,5831604807
2025-03-31;13937,2;14352,88520625
2025-04-01;13789,7;14414,0082576569
2025-04-02;12710,4;12649,0275492228
2025-04-03;13789,1;13716,3223010898
2025-04-04;14153,2;14989,6136709982
2025-04-05;13102,6;13049,7469130195
2025-04-06;12164,9;12240,2099820408
2025-04-07;13928,1;13440,1040231008
2025-04-08;14180,8;14375,7435689455
2025-04-09;14086,8;14655,1534290484
2025-04-10;13695,8;14614,3717597025
2025-04-11;14137,5;14768,8271952825
2025-04-12;13030,1;13121,9927202913
2025-04-13;11928,3;12196,6000878425
2025-04-14;13922,5;13354,5572143301
2025-04-15;14374,8;14358,3237334392
2025-04-16;14398,6;14578,2539817074
2025-04-17;14266,5;12896,4747531795
2025-04-18;12802,7;12823,9984257903
2025-04-19;12825,6;12228,4541443076
2025-04-20;12199,1;12359,6629461516
2025-04-21;14095,3;13575,6385301879
2025-04-22;14189,5;14549,2396452998
2025-04-23;14245,2;14996,4215123264
2025-04-24;14357,5;14562,1661088496
2025-04-25;14420,9;14906,2766693849
2025-04-26;13289,8;12906,6449068073
2025-04-27;12443,7;12372,935576552
2025-04-28;14096;13651,8670235551
2025-04-29;14468,8;14508,0526347375
2025-04-30;14219,5;14620,2385306536
2025-05-01;12065,9;12798,9476063951
2025-05-02;13376,2;11752,0349678835
2025-05-03;12903,8;12404,5746214631
2025-05-04;12215,7;12650,6979710864
2025-05-05;14294,4;13465,3100495237
2025-05-06;14529,2;14763,7892240665
2025-05-07;14555,3;14838,8738557188
2025-05-08;14781,6;14672,1562877195
2025-05-09;14405,3;14769,6063162358
2025-05-10;13206,6;12898,7284676169
2025-05-11;12334;12445,6678797602
2025-05-12;14145,1;13547,1043519008
2025-05-13;14544,8;14443,5550682829
2025-05-14;14689,4;14992,0992032341
2025-05-15;14749,6;15012,673826856
2025-05-16;14688,3;14950,7189324865
2025-05-17;13488;13079,529055718
2025-05-18;12453,6;12601,2026440423
2025-05-19;15261,9;14748,1502321073
2025-05-20;16154;16074,6291922665
2025-05-21;16272,1;16099,7018351358
2025-05-22;16338,3;16603,404739078
2025-05-23;16162,2;15989,0663415949
2025-05-24;14382,3;13889,1373513514
2025-05-25;13087,9;13024,1018716909
2025-05-26;14998,3;13955,8615373807
2025-05-27;16138,1;15056,1634901663
2025-05-28;17460,2;17095,7873084069
2025-05-29;17985,2;18257,8278525869
2025-05-30;18005;17640,7689392835
2025-05-31;16377,1;15344,6554020882
2025-06-01;15491,2;15142,7273148547
2025-06-02;17135,9;15633,9177999088
2025-06-03;17102,2;16674,771243175
2025-06-04;16715;16211,8723897927
2025-06-05;16848,1;16598,8712194591
2025-06-06;16994,2;16344,9376514197
2025-06-07;15982,3;14714,6475835187
2025-06-08;15151;14726,3109154501
2025-06-09;17467;16255,2887906798
2025-06-10;17927,3;17275,5284221145
2025-06-11;17834,3;17243,0643322383
2025-06-12;17754,6;16670,1140376485
2025-06-13;17559,8;16771,473007255
2025-06-14;16684,6;15495,4141360461
2025-06-15;15613,4;16047,9426518085
2025-06-16;16465,5;14703,494649386
2025-06-17;17925;16958,1399799509
2025-06-18;18494,6;17575,6433463592
2025-06-19;18170,7;17651,7802151589
2025-06-20;16538,8;15744,0374110391
2025-06-21;16421,2;14689,7757739734
2025-06-22;16005,5;15113,424109517
2025-06-23;19983,5;18666,1673507147
2025-06-24;20131,6;19700,5249976384
2025-06-25;19626,2;18661,3226385299
2025-06-26;19502,4;19311,740478457
2025-06-27;19332,7;18883,8501291033
2025-06-28;18076,5;17198,4878103327
2025-06-29;18218,5;17547,0312005724
2025-06-30;21394,7;21215,1840677036
2025-07-01;22151,2;22462,6330052485
2025-07-02;21887,1;23177,1577318685
2025-07-03;21080,4;20282,90166946
2025-07-04;19671,1;18917,7588565713
2025-07-05;17391,7;16582,4729740134
2025-07-06;15815,1;15109,490093944
2025-07-07;16906,3;15439,127535092
2025-07-08;16969,5;16611,8780101156
2025-07-09;15145,4;14713,2734901662
2025-07-10;16803,1;15492,2815685616
2025-07-11;16924,1;16235,2464947311
2025-07-12;15601,6;14796,1375097192
2025-07-13;14438,5;13752,4938326489
2025-07-14;16496,1;15279,8555189661
2025-07-15;15931,5;15685,4005148735
2025-07-16;16788,6;15704,511442034
2025-07-17;18335,6;17782,7075976249
2025-07-18;18010,6;17683,1915645624
2025-07-19;16122,8;15197,6813010776
2025-07-20;14372,3;14157,6891421813
2025-07-21;15817,1;14731,9417885964
2025-07-22;17091,5;16172,2136925149
2025-07-23;18384,1;18093,5351266841
2025-07-24;18110,3;17627,1267568955
2025-07-25;17619,1;17195,8117831165
2025-07-26;16912,4;16028,6219663311
2025-07-27;16659;15575,9724940898
2025-07-28;18108,1;16570,4532326216
2025-07-29;18151;17809,7772925527
2025-07-30;17357,1;16821,6091339433
2025-07-31;16514,7;16266,6321358649
2025-08-01;15853;15713,6308431646
2025-08-02;14374,4;13737,3225476249
2025-08-03;13775,4;13352,4405200321
2025-08-04;16399,1;14930,4970256396
2025-08-05;17410,4;17288,654546264
2025-08-06;17127,5;16688,5129057897
2025-08-07;17585,4;17740,54900091
2025-08-08;17725,2;17693,5091123702
2025-08-09;16259;15988,4392744742
2025-08-10;14836,5;14743,9531911481
2025-08-11;16289,6;15095,3458516243
2025-08-12;15929,6;15580,6091884102
2025-08-13;16380,4;16036,5351649199
2025-08-14;17217,7;17488,4493816367
2025-08-15;17505;18465,1398764916
2025-08-16;16334,6;16009,179575517
2025-08-17;14506,2;14560,0694208944
2025-08-18;16299,7;14953,930656235
2025-08-19;16888,8;15691,1084448605
2025-08-20;16497,8;16050,090463598
2025-08-21;15874,3;15982,669565376
2025-08-22;15795,8;15384,6498782076
2025-08-23;15154,5;14407,8399915022
2025-08-24;14504,5;14000,516401236
2025-08-25;15691;14734,9959598434
2025-08-26;15357,7;15528,9738829217
2025-08-27;14976,9;15178,5144806335
2025-08-28;14723,3;14914,461129096
2025-08-29;14475,2;14744,6456535081
2025-08-30;13369,8;12959,4833495439
2025-08-31;13162,8;12401,1690657484
2025-09-01;15455,9;14290,2769563923
2025-09-02;16543,8;16221,8473378486
2025-09-03;16191,7;15912,6151457367
2025-09-04;16989,4;17328,631481868
2025-09-05;17446,4;17797,4949884946
2025-09-06;15820,8;16412,5689023438
2025-09-07;14367,2;14725,0322853913
2025-09-08;15658,8;14675,8713384451
2025-09-09;15370,9;15267,6534327497
2025-09-10;14832,6;15083,8564226363
2025-09-11;14751,8;14796,4040185817
2025-09-12;14660,3;14882,0775801281
2025-09-13;13616,6;13065,1421336419
2025-09-14;12481,1;12511,6235539996
2025-09-15;14321,7;13604,1910401197
2025-09-16;14768,6;14589,1232505991
2025-09-17;14900,2;14776,1446238676
2025-09-18;15080;14952,1122896177
2025-09-19;15325,6;14918,8393298572
2025-09-20;14164,4;13432,3389866337
2025-09-21;12980,2;13163,8715453496
2025-09-22;14339,7;13994,5752107935
2025-09-23;14597,2;14985,1595523111
2025-09-24;14866,8;15373,3704888939
2025-09-25;14924,9;15295,1007405501
2025-09-26;14601,4;14849,9000714904
2025-09-27;13369,5;13011,2566510425
2025-09-28;12356,6;12386,1116870224
2025-09-29;13964,1;13556,2708651662
2025-09-30;14233,1;14390,8539798868
2025-10-01;14177,6;14489,641172696
2025-10-02;14446,4;14516,2024667107
2025-10-03;14824,7;14880,9839860161
2025-10-04;14566,5;13929,8963854791
2025-10-05;13310;13003,1418975239
2025-10-06;14247,3;14494,2844690458
2025-10-07;14338,8;14563,006854676
2025-10-08;14183;14626,908986372
2025-10-09;14298,7;14722,9177880435
2025-10-10;13404,8;13252,3502146489
2025-10-11;13661,5;13061,1505213996
2025-10-12;12364,1;12518,310742197
2025-10-13;14098;13603,5677819376
2025-10-14;14610,7;14447,3836743318
2025-10-15;15216,6;15123,2563817484
2025-10-16;15702,6;15473,2125943359
2025-10-17;14941,1;15364,8866139414
2025-10-18;13138,9;13169,4751835326
2025-10-19;11881,3;12289,934746359
2025-10-20;14014,5;13340,3457886766
2025-10-21;14967;14907,6153034592
2025-10-22;15338,9;15253,6913772249
2025-10-23;16273,3;16535,4942957172
2025-10-24;15825,2;16264,3422509658
2025-10-25;13344,1;13670,1067662344
2025-10-26;12064;12431,0426446579
2025-10-27;14266,8;13587,4874063927
2025-10-28;14840,2;15232,0292480032
2025-10-29;14691,3;15260,1310657185
2025-10-30;14219,6;14726,9981653573
2025-10-31;14048,4;14523,6693397158
2025-11-01;13065,8;13145,6030848362
2025-11-02;12471;12400,543720347
2025-11-03;15125,2;14135,7542117567
2025-11-04;15355,8;14980,0704891195
2025-11-05;14767,5;15060,0957677935
2025-11-06;14410,7;15011,2067525319
2025-11-07;14196,1;14807,2196802036
2025-11-08;12981,8;12805,581471306
2025-11-09;12073;12177,5701862246
2025-11-10;14360;13522,9950956303
2025-11-11;15454;15202,501307191
2025-11-12;14941,6;15238,7310509449
2025-11-13;15061,6;15014,7657107214
2025-11-14;16019,6;15649,4480607692
2025-11-15;15938,1;15374,7937117963
2025-11-16;13047,6;14359,5749965777
2025-11-17;14067,4;13919,6528331693
2025-11-18;15294,9;15041,5155616262
2025-11-19;15914;15103,2305565092
2025-11-20;16320;15508,2237535928
2025-11-21;14856,6;13917,5630228752
2025-11-22;13693,8;13253,2711280915
2025-11-23;12704,8;12557,7264444173
2025-11-24;13552,3;12245,2716912418
2025-11-25;16489,7;14696,0061040114
2025-11-26;18184,1;16763,8795679759
2025-11-27;18809,2;18115,2595229625
2025-11-28;18306,3;17662,3980776131
2025-11-29;15339,8;14887,3625826054
2025-11-30;13503,3;13369,2998816148
2025-12-01;15030,6;14410,7707163565
2025-12-02;15960;15145,1536159008
2025-12-03;17569,2;17026,5375389231
2025-12-04;19266,8;18337,2163471573
2025-12-05;19966,6;19808,523638006
2025-12-06;18185,5;18353,6238444733
2025-12-07;14730,8;15195,2648818809
2025-12-08;13833,6;13377,5504461432
2025-12-09;16065,7;14739,3449884058
2025-12-10;17652,1;16119,3032333653
2025-12-11;18074,1;17387,1320285347
2025-12-12;18451,3;18349,1330305458
2025-12-13;17910,1;16967,7859548854
2025-12-14;15032,4;15360,2941044985
2025-12-15;15323,5;15435,5726311423
2025-12-16;15486,4;15178,2135061578
2025-12-17;16630,2;15919,6369096973
2025-12-18;18488,6;17953,1849766424
2025-12-19;19608,1;18172,0838145388
2025-12-20;17648,1;16520,1801788459
2025-12-21;16090,8;15913,5638519165
2025-12-22;17724,4;16733,1871488314
2025-12-23;18921,1;17962,3212960168
2025-12-24;18905,6;19505,0588640447
2025-12-25;14821,1;16392,2239817866
2025-12-26;18612,4;16291,7837376143
2025-12-27;19028,1;18567,5042246472
2025-12-28;17522,5;17979,5537067171
2025-12-29;20139,2;18336,4551036183
2025-12-30;21491,7;21827,3079619283
2025-12-31;20738,6;23614,5911022556
2026-01-01;16776,8;17955,2027327346
2026-01-02;18056,4;16332,3239353961
2026-01-03;15247,6;14762,596245113
2026-01-04;13305,4;13331,7606789957
2026-01-05;15933,1;14514,2715961654
2026-01-06;17563,2;17012,8867559601
2026-01-07;17691,6;17059,1057432087
2026-01-08;15357,2;16288,8641622833
2026-01-09;14688,9;15351,5583198933
2026-01-10;13853,4;13192,0357390872
2026-01-11;14344,8;13479,9623152425
2026-01-12;18898,1;17284,936002762
2026-01-13;19867,8;19621,4216425241
2026-01-14;20649,3;19985,4750808138
2026-01-15;20147,4;20016,1564453533
2026-01-16;18248,6;18102,2574922985
2026-01-17;18135,7;17115,8988143636
2026-01-18;15477,6;15950,5529588919
2026-01-19;15413,9;15158,9008205755
2026-01-20;16311;15828,2276458201
2026-01-21;17572,3;16740,4336132783
2026-01-22;18442,8;17557,0867614224
2026-01-23;19682;18757,7209579543
2026-01-24;18625,1;17796,573723025
2026-01-25;18076,9;17597,4962746229
2026-01-26;20332,7;20155,7773476267
2026-01-27;20164,2;19739,5932511833
2026-01-28;19950,7;19080,6456536752
2026-01-29;20309,1;18621,7975166346
2026-01-30;20276,5;19193,6206306359
2026-01-31;18088,7;17229,1774416773
2026-02-01;16547,9;15909,9533526007
2026-02-02;19940,1;18275,5023199437
2026-02-03;21276,8;21502,005102486
2026-02-04;19319,1;19003,0961123463
2026-02-05;18822,4;18353,7137976257
2026-02-06;17328,7;17757,5763463824
2026-02-07;16456,9;15458,4989280446
2026-02-08;16499;15868,0760295323
2026-02-09;18826;18200,5656410406
2026-02-10;19643,4;18974,9971660391
2026-02-11;18959,3;19552,9077933899
2026-02-12;17863,8;17767,5763043488
2026-02-13;16423,1;16743,4989862385
2026-02-14;15535,1;14580,0848136791
2026-02-15;14986,8;14104,3318642476
2026-02-16;15405,9;14055,1220702716
2026-02-17;16523,9;14812,5018308216
2026-02-18;20064,4;17394,0102643164
2026-02-19;18080,7;19170,1762832689
2026-02-20;17225;16948,6103165577
2026-02-21;16105,3;15190,9281084808
2026-02-22;15377,6;15040,8371470364
2026-02-23;18355;16593,363152905
2026-02-24;18825,2;18343,8594837009
2026-02-25;16677,8;16943,9086884967
2026-02-26;16382,8;15883,3196740111
2026-02-27;16554,4;16254,3671488409
2026-02-28;16038,7;15216,3086767981
